Class_Code,Valve_No,Last_Updt_Id,Last_Updt_Date
CA  ,V01525,CAMBURV1,2008-10-14
CA  ,V01700,CAMBURV1,2008-10-14
CA  ,V03710,CAMBURV1,2008-10-14
CAB ,V01707,CAMBURV1,2008-10-14
CAB ,V03711,CAMBURV1,2008-10-14
CAC ,V01525,CAMBURV1,2008-10-14
CAC ,V01700,CAMBURV1,2008-10-14
CAC ,V03710,CAMBURV1,2008-10-14
CAC3,V01700,CAMBURV1,2008-10-14
CACN,V01701,CAMBURV1,2008-10-14
CACN,V03702,CAMBURV1,2008-10-14
CAH ,V01525,CAMBURV1,2008-10-14
CAJ ,V01527,SILVERM3,2008-4-5
CAK ,V01526,SILVERM3,2008-4-22
CAL ,V01526,SILVERM3,2008-4-5
CAL ,V01527,SILVERM3,2008-4-5
CALC,V01526,SILVERM3,2008-12-22
CALC,V01527,SILVERM3,2008-12-22
CAN ,V01527,SILVERM3,2008-4-5
CAO ,V01525,CAMBURV1,2004-10-6
CAO ,V01700,CAMBURV1,2004-10-6
CAO ,V03710,CAMBURV1,2004-10-6
CAW3,V01704,CAMBURV1,2008-10-14
CAW3,V03706,CAMBURV1,2008-10-14
CH  ,V01525,SILVERM3,2008-4-5
DA  ,V03530,CAMBURV1,2008-10-14
DA  ,V03710,CAMBURV1,2008-10-14
DA  ,V03801,CAMBURV1,2008-10-14
DA  ,V03814,CAMBURV1,2008-10-14
DAB ,V03711,SILVERM3,2008-4-5
DAC ,V03530,SILVERM3,2008-4-5
DAC ,V03710,SILVERM3,2008-4-5
DAC ,V03801,SILVERM3,2008-4-5
DAC ,V03814,SILVERM3,2008-4-5
DAC2,V03802,SILVERM3,2008-4-5
DAC3,V03710,SILVERM3,2008-4-5
DAC3,V03801,SILVERM3,2008-4-5
DAC3,V03814,SILVERM3,2008-4-5
DACN,V03802,CAMBURV1,2008-10-14
DAW3,V03706,CAMBURV1,2008-10-14
DAW3,V03801,CAMBURV1,2008-10-14
DAW3,V03814,CAMBURV1,2008-10-14
DAX ,V03711,CAMBURV1,2008-10-14
DEA ,V03811,SILVERM3,2008-12-18
DH  ,V03530,SILVERM3,2008-4-5
FA  ,V06710,CAMBURV1,2008-10-14
FAB ,V06711,CAMBURV1,2008-10-14
FAC ,V06711,CAMBURV1,2008-10-14
FAD ,V06710,CAMBURV1,2008-10-14
FAH ,V06004,CAMBURV1,2008-10-15
FAH ,V06404,CAMBURV1,2008-10-15
FAH ,V06526,CAMBURV1,2008-10-15
FAP ,V06004,CAMBURV1,2008-10-15
FAP ,V06404,CAMBURV1,2008-10-15
FAP ,V06526,CAMBURV1,2008-10-15
FCA ,V06816,CAMBURV1,2008-10-15
FE  ,V06815,CAMBURV1,2008-10-15
FFB ,V06810,CAMBURV1,2008-10-15
